Alfa;alfa@example.com;GEI-GIB-GIE;Pedro-Luis-Carlos-Sara;Pedro-Luis-Carlos
Beta;beta@example.com;GEI-GIMF;Pedro-Luis-Carlos;Pedro-Luis-Carlos
Gamma;gamma@example.com;GIB-DGIIB;Pedro-Luis-Carlos-Sara-Ana;Pedro-Luis-Carlos
Delta;delta@example.com;GEI-GIE-DGISST;Pedro-Luis-Carlos;Pedro-Luis-Carlos
Epsilon;epsilon@example.com;GIB-GIMF;Pedro-Luis-Carlos-Sara-Ana-Alberto;Pedro-Luis-Carlos
Zeta;zeta@example.com;GIE-DGIIB-DGIEIEA;Pedro-Luis-Carlos-Sara;Pedro-Luis-Carlos
Eta;eta@example.com;GEI-GIB;Pedro-Luis-Carlos;Pedro-Luis-Carlos
Theta;theta@example.com;GIMF-DGIIB-DGISST;Pedro-Luis-Carlos-Sara;Pedro-Luis-Carlos
Iota;iota@example.com;GIB-DGIEIEA;Pedro-Luis;Pedro-Luis-Carlos
Kappa;kappa@example.com;GEI-GIE-DGIIB;Pedro-Luis-Carlos-Sara-Ana;Pedro-Luis-Carlos
Lambda;lambda@example.com;GIB-DGISST;Pedro-Luis-Carlos;Pedro-Luis-Carlos
Mu;mu@example.com;GEI-GIMF-DGIEIEA;Pedro-Luis-Carlos-Sara;Pedro-Luis-Carlos
Nu;nu@example.com;GIE-DGIIB-DGISST;Pedro-Luis-Carlos-Sara-Ana-Alberto;Pedro-Luis-Carlos
Xi;xi@example.com;GEI-GIB-DGIEIEA;Pedro-Luis;Pedro-Luis-Carlos
Omicron;omicron@example.com;GIB-GIMF-DGIIB;Pedro-Luis-Carlos-Sara;Pedro-Luis-Carlos
Pi;pi@example.com;GEI-DGISST;Pedro-Luis-Carlos;Pedro-Luis-Carlos
Rho;rho@example.com;GIE-DGIEIEA;Pedro-Luis-Carlos-Sara-Ana;Pedro-Luis-Carlos
Sigma;sigma@example.com;GEI-GIMF;Pedro-Luis;Pedro-Luis-Carlos
Tau;tau@example.com;GIB-DGISST-DGIEIEA;Pedro-Luis-Carlos-Sara-Ana;Pedro-Luis-Carlos
Upsilon;upsilon@example.com;GEI-DGIIB;Pedro-Luis-Carlos-Sara;Pedro-Luis-Carlos

