Alfa;alfa@example.com;GEI-GIB-GIE;pedrito-luisjanguela-Carlos2001-saraaaalaaa;pedrito-luisjanguela-Carlos2001
Beta;beta@example.com;GEI-GIMF;pedrito-luisjanguela-Carlos2001;pedrito-luisjanguela-Carlos2001
Gamma;gamma@example.com;GIB-DGIIB;pedrito-luisjanguela-Carlos2001-saraaaalaaa-AnaBohueles;pedrito-luisjanguela-Carlos2001
Delta;delta@example.com;GEI-GIE-DGISST;pedrito-luisjanguela-Carlos2001;pedrito-luisjanguela-Carlos2001
Epsilon;epsilon@example.com;GIB-GIMF;pedrito-luisjanguela-Carlos2001-saraaaalaaa-AnaBohueles-Alberto12;pedrito-luisjanguela-Carlos2001
Zeta;zeta@example.com;GIE-DGIIB-DGIEIEA;pedrito-luisjanguela-Carlos2001-saraaaalaaa;pedrito-luisjanguela-Carlos2001
Eta;eta@example.com;GEI-GIB;pedrito-luisjanguela-Carlos2001;pedrito-luisjanguela-Carlos2001
Theta;theta@example.com;GIMF-DGIIB-DGISST;pedrito-luisjanguela-Carlos2001-saraaaalaaa;pedrito-luisjanguela-Carlos2001
Iota;iota@example.com;GIB-DGIEIEA;pedrito-luisjanguela;pedrito-luisjanguela-Carlos2001
Kappa;kappa@example.com;GEI-GIE-DGIIB;pedrito-luisjanguela-Carlos2001-saraaaalaaa-AnaBohueles;pedrito-luisjanguela-Carlos2001
Lambda;lambda@example.com;GIB-DGISST;pedrito-luisjanguela-Carlos2001;pedrito-luisjanguela-Carlos2001
Mu;mu@example.com;GEI-GIMF-DGIEIEA;pedrito-luisjanguela-Carlos2001-saraaaalaaa;pedrito-luisjanguela-Carlos2001
Nu;nu@example.com;GIE-DGIIB-DGISST;pedrito-luisjanguela-Carlos2001-saraaaalaaa-AnaBohueles-Alberto12;pedrito-luisjanguela-Carlos2001
Xi;xi@example.com;GEI-GIB-DGIEIEA;pedrito-luisjanguela;pedrito-luisjanguela-Carlos2001
Omicron;omicron@example.com;GIB-GIMF-DGIIB;pedrito-luisjanguela-Carlos2001-saraaaalaaa;pedrito-luisjanguela-Carlos2001
Pi;pi@example.com;GEI-DGISST;pedrito-luisjanguela-Carlos2001;pedrito-luisjanguela-Carlos2001
Rho;rho@example.com;GIE-DGIEIEA;pedrito-luisjanguela-Carlos2001-saraaaalaaa-AnaBohueles;pedrito-luisjanguela-Carlos2001
Sigma;sigma@example.com;GEI-GIMF;pedrito-luisjanguela;pedrito-luisjanguela-Carlos2001
Tau;tau@example.com;GIB-DGISST-DGIEIEA;pedrito-luisjanguela-Carlos2001-saraaaalaaa-AnaBohueles;pedrito-luisjanguela-Carlos2001
Upsilon;upsilon@example.com;GEI-DGIIB;pedrito-luisjanguela-Carlos2001-saraaaalaaa;pedrito-luisjanguela-Carlos2001